KANSAS,,,,,,,,,,,,,,,,,,,,,,,,,,,,,,,,,,,,,,,,,,,,,,,,,,,,,,,,,,,,,,,,,,,
Offense Type,,,,,,,,,,,,,,,,,,,,,,,,,,,,,,,,,,,,,,,,,,,,,,,,,,,,,,,,,,,,,,,,,,,
"by Agency, 2021",,,,,,,,,,,,,,,,,,,,,,,,,,,,,,,,,,,,,,,,,,,,,,,,,,,,,,,,,,,,,,,,,,,
,,,,,,,Crimes Against Persons,,,,,,,,,,,,,,,,,,,Crimes Against Property,,,,,,,,,,,,,,,,,,,,,,,,,,,Crimes Against Society,,,,,,,,,,,,,,
Agency Type,Agency Name,Population1,"Total
Offenses","Crimes
Against
Persons","Crimes
Against
Property","Crimes
Against
Society","Assault
Offenses","Aggravated
Assault","Simple
Assault",Intimidation,"Homicide
Offenses","Murder and
Nonnegligent
Manslaughter","Negligent
Man-
slaughter","Justifiable
Homicide","Human
Trafficking
Offenses","Commercial
Sex Acts","Involuntary
Servitude","Kidnapping/
Abduction","Sex
Offenses",Rape,Sodomy,"Sexual
Assault
With an
Object",Fondling,Incest,"Statutory
Rape",Arson,Bribery,"Burglary/
Breaking &
Entering","Counter-
feiting/
Forgery","Destruction/
Damage/
Vandalism
of Property","Embezzle-
ment","Extortion/
Blackmail","Fraud
Offenses","False
Pretenses/
Swindle/
Confidence
Game","Credit
Card/
Automated
Teller
Machine
Fraud","Imper-
sonation","Welfare
Fraud","Wire
Fraud","Identity 
Theft","Hacking/
Computer 
Invasion","Larceny/
Theft
Offenses","Pocket-
picking","Purse-
snatching","Shop-
lifting","Theft
From
Building","Theft
From
Coin Op-
erated
Machine
or Device","Theft
From
Motor
Vehicle","Theft of 
Motor 
Vehicle
Parts or
Acces-
sories","All
Other
Larceny","Motor
Vehicle
Theft",Robbery,"Stolen
Property
Offenses","Animal 
Cruelty","Drug/
Narcotic
Offenses","Drug/
Narcotic
Violations","Drug
Equipment
Violations","Gambling
Offenses","Betting/
Wagering","Operating/
Promoting/
Assisting
Gambling","Gambling
Equipment
Violations","Sports
Tampering","Por-
nography/
Obscene
Material","Pros-
titution
Offenses","Pros-
titution","Assisting or
Promoting
Prostitution","Purchasing
Prostitution","Weapon
Law
Violations"
Cities,Abilene,"6,055",274,56,129,89,49,8,34,7,0,0,0,0,0,0,0,3,4,1,0,0,3,0,0,3,0,7,14,28,0,0,32,29,3,0,0,0,0,0,42,0,0,11,10,0,5,1,15,3,0,0,0,88,44,44,0,0,0,0,0,0,0,0,0,0,1
,Anthony,"2,011",117,38,59,20,33,2,15,16,0,0,0,0,0,0,0,3,2,0,2,0,0,0,0,0,1,6,4,11,0,1,18,12,6,0,0,0,0,0,17,0,0,0,3,0,2,1,11,1,0,0,0,20,11,9,0,0,0,0,0,0,0,0,0,0,0
,Arma,"1,405",107,25,62,20,25,4,11,10,0,0,0,0,0,0,0,0,0,0,0,0,0,0,0,1,0,5,5,13,1,0,4,2,2,0,0,0,0,0,28,1,0,2,8,0,2,2,13,4,0,1,0,19,11,8,0,0,0,0,0,0,0,0,0,0,1
,Atchison,"10,374",490,151,290,49,141,33,98,10,0,0,0,0,0,0,0,1,9,4,3,0,2,0,0,0,0,1,2,75,0,0,13,13,0,0,0,0,0,0,181,0,0,34,53,0,25,4,65,15,1,2,0,46,44,2,0,0,0,0,0,0,0,0,0,0,3
,Atwood,"1,210",49,21,25,3,13,3,8,2,0,0,0,0,0,0,0,3,5,2,0,0,3,0,0,0,0,2,0,10,0,0,1,1,0,0,0,0,0,0,11,0,0,1,0,0,1,0,9,1,0,0,0,2,1,1,0,0,0,0,0,0,0,0,0,0,1
,Augusta,"9,290",607,141,398,68,126,13,107,6,1,1,0,0,0,0,0,3,11,5,1,0,4,0,1,0,0,36,13,112,1,0,61,42,19,0,0,0,0,0,163,1,0,31,18,0,26,21,66,8,2,2,0,64,27,37,0,0,0,0,0,3,0,0,0,0,1
,Baldwin City,"4,706",157,66,74,17,57,18,25,14,0,0,0,0,0,0,0,2,7,3,0,0,4,0,0,0,0,10,3,31,0,0,8,5,3,0,0,0,0,0,18,0,0,0,2,0,4,3,9,2,0,2,0,16,8,8,0,0,0,0,0,1,0,0,0,0,0
,Baxter Springs,"3,859",326,73,170,83,66,19,38,9,0,0,0,0,0,0,0,5,2,0,0,0,2,0,0,1,0,25,4,47,0,0,9,6,3,0,0,0,0,0,70,1,0,7,7,0,26,3,26,11,0,3,0,78,43,35,0,0,0,0,0,0,0,0,0,0,5
,Bel Aire,"8,660",302,50,193,59,44,4,27,13,0,0,0,0,0,0,0,3,3,0,0,0,2,0,1,0,0,13,2,39,2,1,30,26,4,0,0,0,0,0,87,0,0,3,1,0,57,7,19,17,0,2,0,55,32,23,0,0,0,0,0,0,0,0,0,0,4
,Belleville,"1,828",112,20,85,7,15,1,12,2,1,1,0,0,0,0,0,0,4,0,1,0,3,0,0,1,0,8,6,20,0,0,26,6,20,0,0,0,0,0,23,0,0,2,3,0,1,0,17,0,1,0,0,6,3,3,0,0,0,0,0,0,0,0,0,0,1
,Beloit,"3,540",174,58,65,51,51,5,30,16,0,0,0,0,0,0,0,1,6,3,1,0,2,0,0,0,0,9,6,17,0,0,8,6,2,0,0,0,0,0,23,0,0,0,5,0,11,1,6,1,0,1,0,49,26,23,0,0,0,0,0,0,1,0,1,0,1
,Bonner Springs,"8,072",678,133,341,204,113,14,82,17,0,0,0,0,0,0,0,7,13,2,1,0,8,0,2,1,0,15,11,75,2,0,38,25,12,1,0,0,0,0,154,1,0,22,15,1,51,11,53,32,2,11,0,187,85,102,0,0,0,0,0,1,0,0,0,0,16
,Burlington,"2,533",138,28,57,53,24,5,17,2,0,0,0,0,0,0,0,2,2,1,0,0,1,0,0,0,0,4,4,15,0,0,9,7,2,0,0,0,0,0,24,0,0,4,2,0,6,0,12,1,0,0,0,53,28,25,0,0,0,0,0,0,0,0,0,0,0
,Caney,"1,924",85,24,48,13,24,1,17,6,0,0,0,0,0,0,0,0,0,0,0,0,0,0,0,0,0,2,0,17,0,0,1,1,0,0,0,0,0,0,25,0,0,1,6,0,7,2,9,3,0,0,0,13,8,5,0,0,0,0,0,0,0,0,0,0,0
,Cheney,"2,180",63,5,56,2,4,1,3,0,0,0,0,0,0,0,0,1,0,0,0,0,0,0,0,0,0,3,0,9,0,0,4,3,1,0,0,0,0,0,38,0,0,0,2,0,21,7,8,1,0,1,0,2,2,0,0,0,0,0,0,0,0,0,0,0,0
,Cherryvale,"2,098",86,27,51,8,24,8,10,6,0,0,0,0,0,0,0,0,3,1,0,0,2,0,0,1,0,9,0,13,0,1,5,4,0,1,0,0,0,0,18,0,0,2,5,0,7,0,4,3,0,1,0,8,6,2,0,0,0,0,0,0,0,0,0,0,0
,Clay Center,"3,957",326,104,168,54,99,12,60,27,0,0,0,0,0,0,0,3,2,1,0,0,1,0,0,0,0,20,2,54,0,0,15,12,2,1,0,0,0,0,70,0,0,9,20,0,9,0,32,4,0,3,0,52,27,25,0,0,0,0,0,0,0,0,0,0,2
,Clearwater,"2,589",114,17,40,57,13,5,8,0,0,0,0,0,0,0,0,1,3,1,1,0,1,0,0,0,0,3,0,10,1,0,3,3,0,0,0,0,0,0,13,0,0,1,4,0,3,1,4,8,0,2,0,54,28,26,0,0,0,0,0,0,0,0,0,0,3
,Coffeyville,"9,066","1,281",344,669,268,319,49,184,86,2,2,0,0,0,0,0,7,16,5,3,0,8,0,0,1,0,45,63,217,3,0,75,52,23,0,0,0,0,0,222,1,1,40,79,1,52,3,45,25,5,13,0,229,128,101,0,0,0,0,0,1,1,1,0,0,37
,Colby,"5,305",394,114,196,84,102,20,49,33,0,0,0,0,0,0,0,12,0,0,0,0,0,0,0,0,0,17,14,55,0,1,52,48,4,0,0,0,0,0,49,0,0,15,9,1,2,0,22,6,1,1,0,80,44,36,0,0,0,0,0,0,0,0,0,0,4
,Columbus,"2,978",156,39,86,31,36,11,10,15,0,0,0,0,0,0,0,0,3,1,0,0,2,0,0,0,0,13,1,23,0,0,1,1,0,0,0,0,0,0,38,0,0,2,5,1,7,4,19,9,0,1,0,29,17,12,0,0,0,0,0,0,0,0,0,0,2
,Concordia,"4,860",402,109,233,60,100,11,60,29,0,0,0,0,0,0,0,1,8,1,1,0,6,0,0,1,0,31,1,56,1,1,20,12,8,0,0,0,0,0,109,1,1,15,18,0,15,2,57,9,0,4,0,54,36,18,0,0,0,0,0,4,0,0,0,0,2
,Council Grove,"2,090",121,18,53,50,18,7,6,5,0,0,0,0,0,0,0,0,0,0,0,0,0,0,0,0,0,6,9,8,0,1,9,9,0,0,0,0,0,0,18,1,0,4,4,0,2,1,6,0,0,2,0,44,22,22,0,0,0,0,0,1,0,0,0,0,5
,Derby,"25,425","1,426",210,"1,003",213,184,35,123,26,1,1,0,0,0,0,0,5,20,4,1,0,14,0,1,2,0,30,26,207,1,1,251,119,131,1,0,0,0,0,457,1,0,210,31,3,73,43,96,22,2,4,0,201,102,99,0,0,0,0,0,4,0,0,0,0,8
,Dodge City,"26,612","1,891",495,"1,010",386,430,98,258,74,1,1,0,0,0,0,0,33,31,11,5,0,15,0,0,3,0,58,29,367,6,8,133,70,62,1,0,0,0,0,354,2,0,65,26,3,74,28,156,38,11,3,0,365,196,169,0,0,0,0,0,2,0,0,0,0,19
,Edwardsville,"4,540",683,146,215,322,131,16,92,23,0,0,0,0,0,0,0,2,13,6,1,0,4,0,2,4,0,11,2,68,0,2,23,20,3,0,0,0,0,0,68,0,0,2,9,0,32,1,24,17,1,19,0,308,148,160,0,0,0,0,0,1,0,0,0,0,13
,El Dorado,"12,819",659,133,483,43,125,20,87,18,0,0,0,0,0,0,0,2,6,3,0,0,3,0,0,2,0,58,10,158,0,0,21,16,5,0,0,0,0,0,192,1,1,41,23,0,58,12,56,40,1,1,0,41,26,15,0,0,0,0,0,1,1,0,1,0,0
,Elkhart,"1,685",43,11,22,10,10,4,4,2,0,0,0,0,0,0,0,1,0,0,0,0,0,0,0,0,0,3,0,5,0,0,2,2,0,0,0,0,0,0,11,0,0,6,1,0,1,0,3,0,0,1,0,9,6,3,0,0,0,0,0,0,0,0,0,0,1
,Ellis,"2,013",59,20,32,7,17,3,8,6,0,0,0,0,0,0,0,1,2,1,1,0,0,0,0,0,0,4,1,12,0,0,1,1,0,0,0,0,0,0,12,0,0,4,5,0,3,0,0,1,1,0,0,5,3,2,0,0,0,0,0,0,0,0,0,0,2
,Ellsworth,"2,917",55,16,32,7,16,1,8,7,0,0,0,0,0,0,0,0,0,0,0,0,0,0,0,2,0,3,0,13,0,0,4,3,1,0,0,0,0,0,8,0,0,2,1,0,1,1,3,1,0,1,0,7,3,4,0,0,0,0,0,0,0,0,0,0,0
,Eudora,"6,418",108,42,40,26,35,8,20,7,0,0,0,0,0,0,0,4,3,1,0,0,2,0,0,0,0,3,1,7,0,0,3,3,0,0,0,0,0,0,21,0,1,2,4,0,2,2,10,2,1,2,0,24,14,10,0,0,0,0,0,0,0,0,0,0,2
,Fairway,"3,972",119,21,60,38,17,4,10,3,0,0,0,0,0,0,0,2,2,1,1,0,0,0,0,1,0,4,1,10,0,0,15,13,2,0,0,0,0,0,18,0,0,0,1,0,12,1,4,10,0,1,0,34,21,13,0,0,0,0,0,0,0,0,0,0,4
,Fort Scott,"7,607",528,115,285,128,108,19,66,23,2,2,0,0,0,0,0,2,3,0,2,0,1,0,0,7,0,12,4,69,0,0,18,10,8,0,0,0,0,0,153,5,0,46,21,0,23,6,52,19,0,3,0,124,66,58,0,0,0,0,0,0,1,0,1,0,3
,Frontenac,"3,387",167,30,108,29,29,3,22,4,0,0,0,0,0,0,0,0,1,1,0,0,0,0,0,0,0,9,2,37,0,0,5,5,0,0,0,0,0,0,47,0,0,3,0,0,6,5,33,6,0,2,0,28,15,13,0,0,0,0,0,0,0,0,0,0,1
,Galena,"2,798",255,69,82,104,67,15,41,11,0,0,0,0,0,0,0,1,1,0,0,0,1,0,0,1,0,4,2,24,0,0,2,2,0,0,0,0,0,0,32,1,0,1,6,0,9,1,14,12,0,5,0,98,52,46,0,0,0,0,0,0,0,0,0,0,6
,Garden City,"25,920","2,778",609,"1,682",487,501,106,306,89,4,4,0,0,0,0,0,35,69,21,7,0,35,0,6,8,0,110,97,374,4,3,279,130,149,0,0,0,0,0,657,10,0,133,109,0,232,33,140,107,9,34,0,450,244,206,0,0,0,0,0,12,0,0,0,0,25
,Gardner,"22,714","1,205",315,435,455,263,36,178,49,0,0,0,0,0,0,0,25,27,5,2,0,19,0,1,4,0,22,8,108,1,5,60,46,12,2,0,0,0,0,197,0,1,33,43,0,66,11,43,27,2,1,0,430,228,202,0,0,0,0,0,4,4,1,3,0,17
,Garnett,"3,243",223,51,63,109,50,11,25,14,0,0,0,0,0,0,0,0,1,1,0,0,0,0,0,1,0,4,1,19,2,0,3,1,2,0,0,0,0,0,19,0,0,3,2,0,6,0,8,7,2,5,0,100,50,50,0,0,0,0,0,2,0,0,0,0,7
,Girard,"2,644",128,33,87,8,31,6,24,1,0,0,0,0,0,0,0,0,2,1,0,0,1,0,0,1,0,7,3,16,0,0,7,5,2,0,0,0,0,0,41,0,0,1,2,0,11,1,26,10,2,0,0,8,5,3,0,0,0,0,0,0,0,0,0,0,0
,Goddard,"5,020",205,37,97,71,31,6,15,10,0,0,0,0,0,0,0,3,3,1,0,0,2,0,0,0,0,3,5,23,0,1,19,14,5,0,0,0,0,0,40,0,0,14,5,0,9,3,9,1,1,4,0,62,24,38,0,0,0,0,0,0,0,0,0,0,9
,Goodland,"4,283",324,74,192,58,65,7,49,9,0,0,0,0,0,0,0,6,3,0,0,0,3,0,0,0,0,7,6,49,38,0,45,7,38,0,0,0,0,0,40,0,0,11,2,0,10,1,16,4,1,2,0,57,32,25,0,0,0,0,0,0,0,0,0,0,1
,Grandview Plaza,"1,532",162,48,70,44,43,7,30,6,0,0,0,0,0,0,0,3,2,1,0,0,1,0,0,0,0,8,0,33,0,0,4,4,0,0,0,0,0,0,22,0,0,1,2,0,7,1,11,2,0,1,0,44,26,18,0,0,0,0,0,0,0,0,0,0,0
,Great Bend,"14,795","1,422",501,723,198,463,44,308,111,1,1,0,0,0,0,0,9,28,9,5,0,13,0,1,1,0,68,24,214,2,1,112,55,55,0,2,0,0,0,261,0,1,42,20,0,45,11,142,29,2,9,0,174,102,72,0,0,0,0,0,7,0,0,0,0,17
,Halstead,"2,022",69,18,28,23,18,11,7,0,0,0,0,0,0,0,0,0,0,0,0,0,0,0,0,0,0,5,0,9,0,0,1,1,0,0,0,0,0,0,11,0,0,1,0,0,2,1,7,2,0,0,0,23,12,11,0,0,0,0,0,0,0,0,0,0,0
,Hays,"20,861","1,656",405,721,530,370,67,235,68,1,1,0,0,0,0,0,7,27,12,1,0,12,0,2,4,0,44,27,185,2,3,84,50,32,2,0,0,0,0,334,0,0,64,54,1,60,18,137,18,9,11,0,496,249,247,0,0,0,0,0,7,0,0,0,0,27
,Haysville,"11,445",694,200,396,98,180,13,153,14,0,0,0,0,0,0,0,5,15,4,0,0,11,0,0,0,0,26,13,148,1,1,24,19,5,0,0,0,0,0,158,0,0,8,27,0,32,38,53,21,1,3,0,87,48,39,0,0,0,0,0,4,0,0,0,0,7
,Hesston,"3,738",90,16,54,20,12,0,11,1,0,0,0,0,0,0,0,3,1,1,0,0,0,0,0,0,0,13,5,10,0,0,8,8,0,0,0,0,0,0,15,0,0,0,0,0,2,2,11,3,0,0,0,19,10,9,0,0,0,0,0,1,0,0,0,0,0
,Hiawatha,"3,075",324,88,208,28,81,9,55,17,0,0,0,0,0,0,0,3,4,3,0,0,1,0,0,0,0,8,10,60,0,0,22,22,0,0,0,0,0,0,98,0,1,14,11,1,8,2,61,7,0,3,0,23,14,9,0,0,0,0,0,5,0,0,0,0,0
,Hillsboro,"2,739",88,10,56,22,8,0,6,2,0,0,0,0,0,0,0,0,2,0,0,0,2,0,0,0,0,5,1,15,1,2,13,13,0,0,0,0,0,0,15,0,0,0,5,0,3,0,7,1,0,3,0,22,13,9,0,0,0,0,0,0,0,0,0,0,0
,Hoisington,"2,429",108,42,50,16,35,8,16,11,1,1,0,0,0,0,0,0,6,3,0,0,3,0,0,1,0,9,2,14,0,1,5,4,1,0,0,0,0,0,16,0,0,1,3,0,5,0,7,2,0,0,0,13,8,5,0,0,0,0,0,0,0,0,0,0,3
,Holton,"3,193",148,23,84,41,23,3,16,4,0,0,0,0,0,0,0,0,0,0,0,0,0,0,0,0,0,5,4,29,1,0,7,7,0,0,0,0,0,0,35,0,2,3,6,0,6,0,18,1,1,1,0,40,20,20,0,0,0,0,0,0,0,0,0,0,1
,Horton,"1,659",81,44,20,17,44,11,30,3,0,0,0,0,0,0,0,0,0,0,0,0,0,0,0,0,0,7,0,6,0,0,0,0,0,0,0,0,0,0,6,0,0,0,0,0,1,1,4,1,0,0,0,17,9,8,0,0,0,0,0,0,0,0,0,0,0
,Hugoton,"3,653",117,26,54,37,23,10,10,3,0,0,0,0,0,0,0,2,1,0,1,0,0,0,0,0,0,2,1,11,0,1,10,7,2,1,0,0,0,0,27,0,0,14,1,0,1,2,9,0,0,2,0,37,19,18,0,0,0,0,0,0,0,0,0,0,0
,Hutchinson,"40,015","2,729",613,"1,464",652,562,89,406,67,0,0,0,0,0,0,0,22,29,13,4,0,10,0,2,7,0,125,76,458,2,3,177,124,51,2,0,0,0,0,551,1,5,187,70,1,88,20,179,52,6,7,0,623,330,293,0,0,0,0,0,2,0,0,0,0,27
,Independence,"8,326","1,108",283,706,119,258,46,150,62,0,0,0,0,0,0,0,7,18,7,3,0,8,0,0,5,0,92,53,176,1,0,77,66,11,0,0,0,0,0,263,0,1,32,61,0,60,5,104,26,9,4,0,114,61,53,0,0,0,0,0,2,0,0,0,0,3
,Iola,"5,222",571,144,303,124,120,23,68,29,0,0,0,0,0,0,0,4,20,8,4,0,6,0,2,1,0,42,7,93,0,0,24,20,4,0,0,0,0,0,124,0,0,17,14,0,27,0,66,10,0,2,0,110,60,50,0,0,0,0,0,6,2,1,1,0,6
,Kechi,"2,129",72,14,48,10,13,5,5,3,0,0,0,0,0,0,0,0,1,0,0,0,1,0,0,0,0,5,0,9,1,1,15,7,8,0,0,0,0,0,15,0,0,0,0,0,9,0,6,2,0,0,0,9,5,4,0,0,0,0,0,1,0,0,0,0,0
,Kingman,"2,727",128,22,80,26,19,2,12,5,0,0,0,0,0,0,0,1,2,1,1,0,0,0,0,0,0,6,1,28,0,0,8,4,2,2,0,0,0,0,31,0,0,2,2,0,7,9,11,5,0,1,0,26,13,13,0,0,0,0,0,0,0,0,0,0,0
,Lansing,"12,021",305,108,163,34,99,18,60,21,0,0,0,0,0,0,0,0,9,4,2,0,2,0,1,0,0,7,4,37,0,0,22,14,8,0,0,0,0,0,75,0,0,7,3,0,15,4,46,15,0,3,0,27,21,6,0,0,0,0,0,0,0,0,0,0,7
,Larned,"3,591",257,68,150,39,59,6,44,9,1,1,0,0,0,0,0,4,4,1,1,0,2,0,0,4,0,20,2,43,1,2,12,9,3,0,0,0,0,0,58,0,0,21,4,0,9,1,23,6,2,0,0,34,16,18,0,0,0,0,0,1,0,0,0,0,4
,Leavenworth,"35,990","3,078",984,"1,785",309,865,248,528,89,5,5,0,0,0,0,0,54,60,27,15,0,18,0,0,15,0,160,45,555,0,10,139,97,42,0,0,0,0,0,647,1,0,29,87,0,222,21,287,156,27,31,0,240,133,107,0,0,0,0,0,12,1,0,1,0,56
,Leawood,"34,957","1,310",174,864,272,162,18,91,53,0,0,0,0,0,0,0,6,6,2,0,0,3,0,1,0,0,52,23,157,0,4,144,139,4,1,0,0,0,0,429,1,2,85,33,0,195,32,81,42,3,10,0,265,156,109,0,0,0,0,0,1,0,0,0,0,6
,Lenexa,"57,012","3,057",481,"1,732",844,436,88,274,74,1,0,1,0,0,0,0,11,33,9,3,0,20,0,1,0,0,91,42,455,6,4,205,164,41,0,0,0,0,0,711,2,2,105,138,1,200,162,101,144,11,63,0,803,438,365,0,0,0,0,0,5,3,1,2,0,33
,Liberal,"18,658","1,340",356,620,364,286,63,147,76,0,0,0,0,0,0,0,24,46,13,7,0,22,0,4,7,0,47,28,162,18,5,132,56,73,3,0,0,0,0,188,1,2,23,30,1,38,17,76,19,5,9,0,345,175,170,0,0,0,0,0,4,2,1,1,0,13
,Louisburg,"4,619",163,48,89,26,40,7,27,6,0,0,0,0,0,0,0,5,3,1,1,0,1,0,0,0,0,6,5,20,1,1,17,14,3,0,0,0,0,0,36,2,0,1,5,0,7,10,11,2,0,1,0,24,16,8,0,0,0,0,0,0,0,0,0,0,2
,Lyons,"3,403",166,63,88,15,50,14,24,12,0,0,0,0,0,0,0,2,11,1,1,0,9,0,0,2,0,8,6,31,0,0,7,4,3,0,0,0,0,0,29,0,0,1,16,0,5,1,6,4,0,1,0,14,8,6,0,0,0,0,0,0,0,0,0,0,1
,Maize,"5,491",373,100,171,102,90,16,52,22,0,0,0,0,0,0,0,0,10,2,0,0,8,0,0,0,0,7,8,56,1,1,28,20,8,0,0,0,0,0,63,0,0,10,12,0,14,8,19,6,1,0,0,92,47,45,0,0,0,0,0,5,0,0,0,0,5
,Marion,"1,721",47,11,20,16,10,2,7,1,0,0,0,0,0,0,0,1,0,0,0,0,0,0,0,0,0,3,1,7,0,0,1,0,1,0,0,0,0,0,5,0,0,0,2,0,0,1,2,0,0,3,0,15,8,7,0,0,0,0,0,0,0,0,0,0,1
,McPherson,"13,002",904,272,507,125,240,44,156,40,0,0,0,0,0,0,0,7,25,9,3,0,13,0,0,3,0,40,12,136,3,1,77,42,34,1,0,0,0,0,212,7,1,39,20,0,46,27,72,19,2,2,0,113,61,52,0,0,0,0,0,3,0,0,0,0,9
,Medicine Lodge,"1,784",45,10,27,8,8,1,4,3,0,0,0,0,0,0,0,1,1,1,0,0,0,0,0,0,0,4,0,7,0,0,3,1,2,0,0,0,0,0,13,0,0,0,2,0,9,0,2,0,0,0,0,8,4,4,0,0,0,0,0,0,0,0,0,0,0
,Merriam,"11,138","1,658",262,"1,007",389,235,61,140,34,2,0,2,0,0,0,0,12,13,5,1,0,7,0,0,1,0,37,20,198,0,4,80,54,25,1,0,0,0,0,501,2,2,123,32,0,141,63,138,125,9,32,0,370,203,167,0,0,0,0,0,1,0,0,0,0,18
,Mission,"9,931","1,028",140,614,274,132,39,78,15,0,0,0,0,0,0,0,5,3,2,0,0,1,0,0,0,0,24,24,95,1,1,95,51,43,1,0,0,0,0,287,0,0,71,27,2,91,48,48,71,4,12,0,258,138,120,0,0,0,0,0,3,3,2,1,0,10
,Mission Hills,"3,539",161,14,115,32,14,9,4,1,0,0,0,0,0,0,0,0,0,0,0,0,0,0,0,0,0,25,1,25,0,0,10,10,0,0,0,0,0,0,40,0,0,0,3,0,28,4,5,14,0,0,0,32,20,12,0,0,0,0,0,0,0,0,0,0,0
,Mulberry,521,23,7,11,5,6,3,3,0,0,0,0,0,0,0,0,0,1,1,0,0,0,0,0,0,0,2,0,2,0,0,1,0,1,0,0,0,0,0,4,0,0,0,1,0,0,2,1,0,0,2,0,4,2,2,0,0,0,0,0,0,0,0,0,0,1
,Mulvane,"6,610",355,48,243,64,44,7,24,13,0,0,0,0,0,0,0,2,2,2,0,0,0,0,0,0,0,25,7,47,0,0,23,15,8,0,0,0,0,0,131,0,1,2,41,0,41,3,43,8,0,2,0,60,36,24,0,0,0,0,0,0,0,0,0,0,4
,Neodesha,"2,186",159,29,35,95,25,9,16,0,0,0,0,0,0,0,0,1,3,3,0,0,0,0,0,0,0,2,0,9,0,0,1,1,0,0,0,0,0,0,17,0,0,3,0,0,6,0,8,5,0,1,0,89,47,42,0,0,0,0,0,1,1,0,1,0,4
,Newton,"18,705","2,081",661,950,470,571,88,350,133,2,2,0,0,0,0,0,34,54,22,5,0,27,0,0,6,0,64,28,251,1,3,147,107,36,4,0,0,0,0,385,3,4,89,61,1,81,20,126,38,6,21,0,450,257,193,0,0,0,0,0,2,1,0,1,0,17
,Olathe,"143,307","6,577","1,699","3,352","1,526","1,517",275,983,259,3,2,1,0,0,0,0,38,141,46,12,0,78,0,5,9,0,151,110,794,0,36,493,473,19,1,0,0,0,0,"1,442",10,5,375,160,1,409,107,375,245,17,55,0,"1,431",759,672,1,0,1,0,0,13,2,0,2,0,79
,Osage City,"2,748",132,49,70,13,41,11,24,6,0,0,0,0,0,0,0,3,5,2,0,0,3,0,0,0,0,6,1,23,0,0,13,11,2,0,0,0,0,0,21,0,0,1,3,0,9,0,8,3,0,3,0,13,7,6,0,0,0,0,0,0,0,0,0,0,0
,Oswego,"1,668",91,7,35,49,7,1,6,0,0,0,0,0,0,0,0,0,0,0,0,0,0,0,0,1,0,6,1,8,0,0,2,0,2,0,0,0,0,0,15,0,0,3,1,0,3,1,7,1,0,1,0,45,17,28,0,0,0,0,0,0,0,0,0,0,4
,Ottawa,"12,303",689,148,344,197,126,29,72,25,0,0,0,0,0,0,0,6,16,9,0,0,7,0,0,3,0,20,8,103,0,1,61,41,20,0,0,0,0,0,122,0,0,26,19,0,25,7,45,18,0,8,0,180,86,94,0,0,0,0,0,8,0,0,0,0,9
,Overland Park,"199,881","10,520","2,406","7,354",760,"2,218",383,"1,329",506,1,1,0,0,0,0,0,51,136,36,12,0,79,0,9,12,1,368,188,"1,455",0,20,"1,196",902,287,7,0,0,0,0,"3,473",13,6,874,312,3,"1,190",357,718,561,43,37,0,634,405,229,0,0,0,0,0,30,27,2,25,0,69
,Paola,"5,668",269,62,143,64,58,8,43,7,0,0,0,0,0,0,0,2,2,1,1,0,0,0,0,0,0,6,7,36,0,0,15,14,1,0,0,0,0,0,72,0,0,17,6,0,14,1,34,5,0,2,0,63,35,28,0,0,0,0,0,0,0,0,0,0,1
,Park City,"8,006",908,113,645,150,101,10,79,12,0,0,0,0,0,0,0,3,9,5,0,0,4,0,0,0,0,26,47,139,1,79,104,78,24,2,0,0,0,0,201,0,0,36,10,0,64,30,61,44,1,3,0,133,66,67,0,0,0,0,0,2,0,0,0,0,15
,Parsons,"9,368",995,271,597,127,245,52,169,24,1,1,0,0,0,0,0,15,10,3,2,0,5,0,0,5,0,59,23,140,2,0,84,40,44,0,0,0,0,0,244,0,0,37,27,0,35,3,142,25,11,4,0,110,64,46,0,0,0,0,0,0,0,0,0,0,17
,Pittsburg,"19,939","2,890",483,"2,071",336,448,109,265,74,1,1,0,0,0,0,0,5,29,15,2,0,12,0,0,9,0,123,78,448,2,2,221,149,68,4,0,0,0,0,978,1,5,231,160,6,182,80,313,146,17,47,0,308,175,133,0,0,0,0,0,4,0,0,0,0,24
,Plainville,"1,755",68,32,18,18,31,1,16,14,0,0,0,0,0,0,0,0,1,0,0,0,1,0,0,0,0,1,0,4,0,0,0,0,0,0,0,0,0,0,9,0,0,1,1,1,1,0,5,3,1,0,0,18,8,10,0,0,0,0,0,0,0,0,0,0,0
,Prairie Village,"22,402",675,97,475,103,87,21,44,22,0,0,0,0,0,0,0,1,9,5,0,0,3,0,1,0,0,41,8,81,0,0,90,85,4,1,0,0,0,0,195,1,2,20,29,0,94,17,32,55,3,2,0,99,60,39,0,0,0,0,0,1,0,0,0,0,3
,Roeland Park,"6,644",322,48,237,37,45,12,29,4,0,0,0,0,0,0,0,1,2,1,0,0,1,0,0,1,0,6,9,26,0,0,19,14,5,0,0,0,0,0,134,0,0,27,21,1,47,11,27,34,5,3,0,34,23,11,0,0,0,0,0,0,0,0,0,0,3
,Rose Hill,"3,983",111,34,57,20,30,9,15,6,0,0,0,0,0,0,0,3,1,1,0,0,0,0,0,0,0,5,1,22,0,0,15,14,1,0,0,0,0,0,13,0,0,0,2,0,4,2,5,1,0,0,0,19,12,7,0,0,0,0,0,1,0,0,0,0,0
,Russell,"4,369",144,52,74,18,47,9,28,10,0,0,0,0,0,0,0,0,5,5,0,0,0,0,0,1,0,7,2,20,0,0,9,2,7,0,0,0,0,0,28,0,0,2,6,0,8,0,12,7,0,0,0,16,9,7,0,0,0,0,0,0,0,0,0,0,2
,Sabetha,"2,552",62,27,25,10,20,4,11,5,0,0,0,0,0,0,0,0,7,3,1,0,3,0,0,0,0,1,2,7,1,0,4,4,0,0,0,0,0,0,9,0,0,1,1,0,0,0,7,1,0,0,0,10,7,3,0,0,0,0,0,0,0,0,0,0,0
,Salina,"46,112","5,415","1,371","3,236",808,"1,255",170,861,224,2,2,0,0,0,0,0,31,83,33,12,0,34,0,4,18,0,201,159,889,11,17,454,281,170,3,0,0,0,0,"1,268",2,2,414,235,4,183,88,340,159,17,43,0,732,380,352,0,0,0,0,0,22,2,0,2,0,52
,Scott City,"3,726",213,60,47,106,59,14,31,14,0,0,0,0,0,0,0,0,1,0,0,0,1,0,0,0,0,8,5,8,0,0,5,5,0,0,0,0,0,0,16,0,0,0,4,0,5,1,6,3,0,2,0,104,56,48,0,0,0,0,0,1,0,0,0,0,1
,Seneca,"2,087",63,13,37,13,12,1,8,3,0,0,0,0,0,0,0,1,0,0,0,0,0,0,0,0,0,1,1,14,0,0,2,2,0,0,0,0,0,0,17,0,0,4,4,0,3,0,6,0,0,2,0,12,7,5,0,0,0,0,0,1,0,0,0,0,0
,Shawnee,"66,710","3,129",765,"1,789",575,710,153,394,163,0,0,0,0,0,0,0,20,35,12,1,0,18,0,4,6,0,113,44,337,0,7,262,243,19,0,0,0,0,0,780,3,9,146,57,3,286,67,209,186,22,32,0,534,309,225,0,0,0,0,0,4,1,0,1,0,36
,Spring Hill,"8,167",364,92,197,75,84,7,64,13,0,0,0,0,0,0,0,4,4,1,1,0,1,0,1,1,0,18,0,56,0,0,25,17,8,0,0,0,0,0,89,1,0,1,11,0,49,4,23,7,0,1,0,67,36,31,0,0,0,0,0,2,0,0,0,0,6
,St. Marys,"2,649",55,13,35,7,12,2,7,3,0,0,0,0,0,0,0,0,1,1,0,0,0,0,0,0,0,2,1,8,0,0,4,2,2,0,0,0,0,0,20,0,0,1,7,0,6,0,6,0,0,0,0,7,4,3,0,0,0,0,0,0,0,0,0,0,0
,Tonganoxie,"5,761",133,35,52,46,33,5,18,10,0,0,0,0,0,0,0,0,2,1,0,0,1,0,0,0,0,0,1,13,0,1,7,6,1,0,0,0,0,0,21,0,0,2,0,0,10,3,6,7,0,2,0,45,27,18,0,0,0,0,0,0,0,0,0,0,1
,Ulysses,"5,489",80,44,24,12,41,13,25,3,0,0,0,0,0,0,0,1,2,0,0,0,2,0,0,0,0,5,1,6,0,0,1,1,0,0,0,0,0,0,10,0,0,1,2,0,5,0,2,1,0,0,0,11,5,6,0,0,0,0,0,0,0,0,0,0,1
,Valley Center,"7,443",265,40,107,118,39,4,19,16,0,0,0,0,0,0,0,0,1,0,0,0,1,0,0,0,0,6,0,26,1,0,18,16,2,0,0,0,0,0,45,0,0,1,3,0,26,3,12,4,0,7,0,110,57,53,0,0,0,0,0,1,0,0,0,0,7
,Valley Falls,"1,149",40,5,21,14,4,1,2,1,0,0,0,0,0,0,0,1,0,0,0,0,0,0,0,0,0,2,0,12,0,0,1,1,0,0,0,0,0,0,6,0,0,0,0,0,2,0,4,0,0,0,0,14,8,6,0,0,0,0,0,0,0,0,0,0,0
,Wellington,"7,491",779,243,465,71,231,21,182,28,0,0,0,0,0,0,0,2,10,3,0,0,3,0,4,3,0,29,17,171,2,0,58,50,8,0,0,0,0,0,165,0,1,26,28,0,32,4,74,15,1,4,0,68,37,31,0,0,0,0,0,1,0,0,0,0,2
,Wellsville,"1,777",56,18,21,17,14,1,13,0,0,0,0,0,0,0,0,1,3,1,0,0,2,0,0,0,0,2,0,6,0,0,2,1,1,0,0,0,0,0,8,0,0,0,0,0,4,0,4,3,0,0,0,16,7,9,0,0,0,0,0,0,0,0,0,0,1
,Westwood,"1,657",132,11,93,28,11,1,6,4,0,0,0,0,0,0,0,0,0,0,0,0,0,0,0,0,0,11,1,20,0,0,13,9,3,1,0,0,0,0,43,0,0,3,2,0,19,6,13,3,2,0,0,28,17,11,0,0,0,0,0,0,0,0,0,0,0
,Winfield,"11,756",938,252,586,100,237,33,182,22,0,0,0,0,0,0,0,2,13,4,2,0,7,0,0,2,0,86,17,183,3,0,34,20,14,0,0,0,0,0,229,0,0,13,36,0,32,33,115,20,0,12,0,98,62,36,0,0,0,0,0,1,0,0,0,0,1
Universities and Colleges,Fort Hays State University,"18,862",71,13,31,27,9,0,1,8,0,0,0,0,0,0,0,1,3,2,0,0,1,0,0,0,0,0,0,10,0,0,8,1,7,0,0,0,0,0,12,0,0,0,3,0,3,1,5,0,0,1,0,26,13,13,0,0,0,0,0,0,0,0,0,0,1
,Kansas State University,"23,353",172,5,138,29,4,2,2,0,0,0,0,0,0,0,0,0,1,1,0,0,0,0,0,0,0,1,2,44,0,1,2,2,0,0,0,0,0,0,87,0,0,0,13,1,4,2,67,1,0,0,0,28,17,11,0,0,0,0,0,0,0,0,0,0,1
,"University of Kansas, Main Campus","30,983",295,15,249,31,13,2,5,6,0,0,0,0,0,0,0,0,2,2,0,0,0,0,0,0,0,5,2,103,0,1,6,6,0,0,0,0,0,0,121,0,0,0,38,0,24,5,54,10,0,1,0,31,16,15,0,0,0,0,0,0,0,0,0,0,0
,"University of Kansas, Medical Center2",,699,313,274,112,303,27,233,43,0,0,0,0,0,0,0,0,10,0,0,0,10,0,0,0,0,5,3,92,0,1,4,4,0,0,0,0,0,0,157,1,1,0,98,0,22,26,9,7,1,4,0,109,49,60,0,0,0,0,0,0,0,0,0,0,3
,Wichita State University,"17,817",140,17,100,23,13,5,5,3,0,0,0,0,0,0,0,0,4,1,1,0,2,0,0,0,0,5,1,33,0,0,4,2,2,0,0,0,0,0,53,0,0,2,9,1,21,4,16,2,2,0,0,22,13,9,0,0,0,0,0,0,0,0,0,0,1
Metropolitan Counties,Butler,,861,169,436,256,155,45,92,18,0,0,0,0,0,0,0,7,7,5,0,0,2,0,0,3,0,41,9,124,1,2,61,50,11,0,0,0,0,0,146,2,0,1,5,0,37,41,60,33,2,14,0,229,121,108,0,0,0,0,0,6,0,0,0,0,21
,Douglas,,389,147,183,59,145,49,83,13,0,0,0,0,0,0,0,2,0,0,0,0,0,0,0,1,0,17,2,72,0,1,6,5,1,0,0,0,0,0,60,0,1,0,4,0,20,7,28,12,1,11,0,43,24,19,0,0,0,0,0,2,0,0,0,0,14
,Geary,,504,57,83,364,43,3,32,8,1,1,0,0,0,0,0,7,6,2,1,0,2,0,1,0,0,6,3,25,0,0,12,11,1,0,0,0,0,0,21,1,0,0,1,0,8,0,11,2,1,13,0,355,226,129,0,0,0,0,0,0,0,0,0,0,9
,Harvey,,293,58,114,121,49,16,24,9,0,0,0,0,0,0,0,7,2,1,0,0,1,0,0,0,0,19,1,37,0,0,12,9,2,1,0,0,0,0,27,0,0,0,1,0,7,3,16,11,0,7,0,117,68,49,0,0,0,0,0,1,0,0,0,0,3
,Jackson,,637,71,157,409,60,15,22,23,0,0,0,0,0,0,0,3,8,2,1,0,5,0,0,1,0,8,10,29,0,0,15,14,1,0,0,0,0,0,70,2,0,27,7,0,14,2,18,9,1,14,0,387,200,187,0,0,0,0,0,2,0,0,0,0,20
,Jefferson,,576,160,354,62,140,35,80,25,0,0,0,0,0,0,0,9,11,1,2,0,7,0,1,7,0,31,7,98,0,0,34,28,6,0,0,0,0,0,143,0,0,3,16,1,51,14,58,30,1,3,0,56,30,26,0,0,0,0,0,0,0,0,0,0,6
,Johnson,,"2,180",354,667,"1,159",328,57,182,89,0,0,0,0,0,0,0,5,21,8,1,0,11,0,1,2,0,40,13,258,0,5,93,80,10,3,0,0,0,0,206,0,0,1,20,1,36,15,133,32,2,16,0,"1,102",637,465,0,0,0,0,0,9,0,0,0,0,48
,Leavenworth,,702,139,364,199,133,35,68,30,1,1,0,0,0,0,0,4,1,0,0,0,1,0,0,8,0,54,9,94,0,0,90,88,2,0,0,0,0,0,66,0,0,1,6,0,7,5,47,27,2,14,0,173,98,75,0,0,0,0,0,1,1,0,1,0,24
,Linn,,215,44,130,41,36,5,18,13,1,1,0,0,0,0,0,2,5,1,0,0,3,0,1,0,0,5,2,44,0,0,2,2,0,0,0,0,0,0,67,1,0,1,9,0,9,13,34,8,0,2,0,35,22,13,0,0,0,0,0,1,0,0,0,0,5
,Miami,,541,174,231,136,166,30,99,37,0,0,0,0,0,0,0,3,5,1,1,0,3,0,0,2,0,21,5,65,0,0,27,25,2,0,0,0,0,0,80,0,0,2,2,0,14,1,61,22,2,7,0,124,65,59,0,0,0,0,0,2,0,0,0,0,10
,Osage,,291,59,79,153,50,20,28,2,0,0,0,0,0,0,0,8,1,1,0,0,0,0,0,0,0,16,2,19,1,0,5,3,2,0,0,0,0,0,25,0,0,1,4,0,4,4,12,2,0,9,0,142,77,65,0,0,0,0,0,2,4,0,4,0,5
,Pottawatomie,,582,192,318,72,169,27,98,44,0,0,0,0,0,0,0,5,18,5,5,0,6,0,2,2,0,36,5,74,0,0,74,37,37,0,0,0,0,0,104,0,0,4,9,0,20,4,67,15,0,8,0,68,39,29,0,0,0,0,0,0,0,0,0,0,4
,Riley County Police Department,,"3,789","1,185","2,116",488,"1,085",161,768,156,1,1,0,0,0,0,0,44,55,26,9,0,17,0,3,15,0,139,57,650,0,3,196,103,92,1,0,0,0,0,936,4,3,127,97,0,230,44,431,87,15,18,0,421,257,164,0,0,0,0,0,9,2,1,1,0,56
,Sedgwick,,"1,600",311,472,817,295,54,193,48,1,1,0,0,0,0,0,5,10,2,1,0,7,0,0,3,0,44,9,121,2,1,28,22,4,2,0,0,0,0,138,0,0,6,11,0,28,7,86,56,2,68,0,748,378,370,0,0,0,0,0,1,1,0,1,0,67
,Shawnee,,"1,934",344,"1,075",515,318,72,209,37,2,2,0,0,0,0,0,14,10,4,1,0,3,0,2,4,1,125,25,353,0,1,55,45,8,2,0,0,0,0,408,4,4,8,49,0,127,98,118,73,4,26,0,458,254,204,0,0,0,0,0,3,8,2,6,0,46
,Sumner,,537,115,291,131,100,19,71,10,1,1,0,0,0,0,0,9,5,1,0,0,2,1,1,5,0,52,4,83,0,3,29,15,11,3,0,0,0,0,83,0,0,0,4,0,18,17,44,21,3,8,0,123,70,53,0,0,0,0,0,2,0,0,0,0,6
Nonmetropolitan Counties,Allen,,337,66,71,200,65,12,35,18,0,0,0,0,0,0,0,1,0,0,0,0,0,0,0,2,1,11,2,16,0,0,5,4,0,1,0,0,0,0,20,0,0,1,3,0,3,2,11,9,0,5,0,182,97,85,0,0,0,0,0,1,0,0,0,0,17
,Anderson,,158,50,45,63,42,12,20,10,0,0,0,0,0,0,0,4,4,1,1,0,2,0,0,0,0,6,1,16,0,0,11,11,0,0,0,0,0,0,9,0,0,1,0,0,2,1,5,0,0,2,0,57,31,26,0,0,0,0,0,0,0,0,0,0,6
,Atchison,,158,23,99,36,21,4,13,4,0,0,0,0,0,0,0,0,2,0,1,0,1,0,0,0,0,13,1,33,1,0,7,7,0,0,0,0,0,0,38,0,0,0,5,0,9,4,20,6,0,0,0,30,17,13,0,0,0,0,0,1,0,0,0,0,5
,Barber,,40,12,26,2,10,3,5,2,0,0,0,0,0,0,0,0,2,0,0,0,2,0,0,0,0,4,0,5,0,0,0,0,0,0,0,0,0,0,14,0,0,0,0,0,1,1,12,2,0,1,0,2,2,0,0,0,0,0,0,0,0,0,0,0,0
,Barton,,359,99,130,130,82,20,52,10,0,0,0,0,0,0,0,4,13,7,2,0,4,0,0,1,0,23,6,44,1,1,6,4,2,0,0,0,0,0,36,0,0,0,8,0,7,3,18,8,1,3,0,119,70,49,0,0,0,0,0,1,0,0,0,0,10
,Bourbon,,395,80,118,197,71,16,36,19,0,0,0,0,0,0,0,4,5,2,0,0,3,0,0,2,0,22,1,46,0,0,4,4,0,0,0,0,0,0,31,0,0,0,0,0,7,5,19,8,0,4,0,189,105,84,0,0,0,0,0,2,1,0,1,0,5
,Brown,,273,34,53,186,30,2,23,5,0,0,0,0,0,0,0,0,4,2,0,0,2,0,0,1,0,7,6,12,0,0,2,2,0,0,0,0,0,0,16,0,0,0,3,1,4,2,6,4,0,5,0,176,89,87,0,0,0,0,0,0,1,0,1,0,9
,Cherokee,,481,82,281,118,79,25,43,11,0,0,0,0,0,0,0,1,2,1,0,0,1,0,0,0,0,56,5,63,0,0,8,7,1,0,0,0,0,0,85,0,0,2,3,0,17,9,54,34,2,28,0,103,58,45,0,0,0,0,0,0,1,0,1,0,14
,Cheyenne,,78,15,59,4,14,1,8,5,0,0,0,0,0,0,0,0,1,0,0,0,1,0,0,1,0,2,1,14,0,2,7,4,3,0,0,0,0,0,22,0,0,0,4,0,5,1,12,10,0,0,0,4,1,3,0,0,0,0,0,0,0,0,0,0,0
,Clark,,41,8,19,14,7,3,2,2,0,0,0,0,0,0,0,0,1,0,0,0,1,0,0,1,0,3,2,2,1,0,1,1,0,0,0,0,0,0,7,0,0,0,2,0,1,0,4,1,0,1,0,14,8,6,0,0,0,0,0,0,0,0,0,0,0
,Clay,,91,16,39,36,14,3,10,1,0,0,0,0,0,0,0,0,2,1,0,0,1,0,0,0,0,6,0,14,0,0,1,1,0,0,0,0,0,0,13,0,0,0,4,0,1,0,8,2,0,3,0,32,18,14,0,0,0,0,0,2,0,0,0,0,2
,Cowley,,489,99,265,125,89,19,60,10,0,0,0,0,0,0,0,7,3,0,1,0,2,0,0,2,0,44,5,104,0,0,20,13,7,0,0,0,0,0,69,1,0,0,7,0,11,12,38,17,1,3,0,115,61,54,0,0,0,0,0,7,1,0,1,0,2
,Crawford,,485,150,240,95,142,33,91,18,0,0,0,0,0,0,0,5,3,1,0,0,2,0,0,2,0,0,3,74,0,0,15,14,1,0,0,0,0,0,106,0,1,1,29,0,21,11,43,22,2,16,0,87,47,40,0,0,0,0,0,2,0,0,0,0,6
,Dickinson,,334,72,126,136,60,13,28,19,0,0,0,0,0,0,0,4,8,0,0,0,7,0,1,3,0,16,2,39,0,3,14,11,3,0,0,0,0,0,40,0,0,2,5,0,11,8,14,8,0,1,0,131,76,55,0,0,0,0,0,1,0,0,0,0,4
,Edwards,,59,19,27,13,16,6,5,5,0,0,0,0,0,0,0,2,1,1,0,0,0,0,0,0,0,3,2,7,0,0,3,3,0,0,0,0,0,0,8,0,0,0,1,0,1,0,6,3,0,1,0,11,7,4,0,0,0,0,0,0,0,0,0,0,2
,Ellis,,330,72,92,166,68,14,42,12,0,0,0,0,0,0,0,2,2,0,1,0,1,0,0,0,0,6,5,35,0,0,8,8,0,0,0,0,0,0,28,0,0,1,2,0,4,3,18,3,1,6,0,160,94,66,0,0,0,0,0,0,0,0,0,0,6
,Ellsworth,,129,37,81,11,33,5,16,12,0,0,0,0,0,0,0,2,2,0,1,0,1,0,0,1,0,4,2,30,0,0,6,6,0,0,0,0,0,0,32,0,0,0,3,0,4,4,21,5,0,1,0,9,4,5,0,0,0,0,0,0,0,0,0,0,2
,Finney,,550,141,287,122,122,34,83,5,0,0,0,0,0,0,0,5,14,5,0,0,6,0,3,3,0,43,22,84,0,0,14,12,2,0,0,0,0,0,94,0,0,1,16,0,31,12,34,25,1,1,0,115,72,43,0,0,0,0,0,0,0,0,0,0,7
,Ford,,329,37,61,231,35,5,26,4,0,0,0,0,0,0,0,2,0,0,0,0,0,0,0,0,0,6,6,18,0,0,3,3,0,0,0,0,0,0,20,1,0,1,2,1,6,0,9,3,1,4,0,224,115,109,0,0,0,0,0,0,0,0,0,0,7
,Franklin,,331,114,160,57,101,26,64,11,0,0,0,0,0,0,0,6,7,2,1,0,4,0,0,0,0,17,1,48,0,0,33,29,4,0,0,0,0,0,44,0,0,2,3,0,5,4,30,13,1,3,0,48,26,22,0,0,0,0,0,6,0,0,0,0,3
,Gove,,47,11,17,19,10,2,6,2,0,0,0,0,0,0,0,1,0,0,0,0,0,0,0,0,0,1,0,8,0,0,1,0,1,0,0,0,0,0,5,0,0,0,0,0,3,1,1,2,0,0,0,18,9,9,0,0,0,0,0,0,0,0,0,0,1
,Gray,,161,28,48,85,22,4,12,6,0,0,0,0,0,0,0,5,1,0,0,0,1,0,0,2,0,7,3,8,0,0,2,2,0,0,0,0,0,0,20,0,0,3,3,1,8,0,5,2,0,4,0,78,42,36,0,0,0,0,0,1,0,0,0,0,6
,Greeley,,57,14,12,31,13,5,6,2,0,0,0,0,0,0,0,0,1,1,0,0,0,0,0,0,0,2,1,4,0,0,1,1,0,0,0,0,0,0,2,0,0,0,0,0,0,0,2,1,0,1,0,30,15,15,0,0,0,0,0,0,0,0,0,0,1
,Greenwood,,464,71,169,224,61,8,33,20,0,0,0,0,0,0,0,2,8,2,1,0,1,0,4,0,0,21,9,55,0,0,16,12,4,0,0,0,0,0,59,0,0,0,8,0,8,11,32,6,0,3,0,212,114,98,0,0,0,0,0,1,0,0,0,0,11
,Hamilton,,145,37,66,42,35,5,20,10,0,0,0,0,0,0,0,0,2,1,0,0,1,0,0,0,0,5,1,31,0,0,6,5,1,0,0,0,0,0,17,0,0,2,1,0,5,0,9,5,0,1,0,39,23,16,0,0,0,0,0,1,0,0,0,0,2
,Harper,,102,9,46,47,9,1,6,2,0,0,0,0,0,0,0,0,0,0,0,0,0,0,0,1,0,9,0,12,0,0,0,0,0,0,0,0,0,0,14,0,0,0,3,0,4,1,6,6,0,4,0,44,24,20,0,0,0,0,0,0,0,0,0,0,3
,Haskell,,137,26,38,73,22,3,13,6,0,0,0,0,0,0,0,2,2,1,0,0,0,0,1,0,0,6,0,16,0,0,4,3,1,0,0,0,0,0,7,0,0,1,1,0,0,1,4,3,0,2,0,64,34,30,0,0,0,0,0,1,0,0,0,0,8
,Jewell,,36,6,26,4,6,2,3,1,0,0,0,0,0,0,0,0,0,0,0,0,0,0,0,1,0,3,0,13,0,0,2,1,1,0,0,0,0,0,2,0,0,0,0,0,0,0,2,4,1,0,0,4,3,1,0,0,0,0,0,0,0,0,0,0,0
,Kearny,,195,46,135,14,41,5,25,11,1,1,0,0,0,0,0,0,4,0,0,0,4,0,0,3,0,7,7,41,0,0,21,18,3,0,0,0,0,0,47,0,0,0,7,0,16,2,22,3,0,6,0,10,6,4,0,0,0,0,0,1,0,0,0,0,3
,Kingman,,188,25,93,70,20,2,8,10,0,0,0,0,0,0,0,2,3,1,1,0,1,0,0,0,0,15,2,25,0,0,8,8,0,0,0,0,0,0,28,0,0,0,1,0,10,2,15,4,0,11,0,66,39,27,0,0,0,0,0,0,0,0,0,0,4
,Labette,,219,39,128,52,37,5,28,4,0,0,0,0,0,0,0,1,1,0,0,0,1,0,0,0,0,28,3,41,1,0,3,3,0,0,0,0,0,0,32,0,0,0,5,0,8,4,15,16,0,4,0,50,27,23,0,0,0,0,0,0,0,0,0,0,2
,Lane,,32,10,12,10,9,1,8,0,0,0,0,0,0,0,0,0,1,1,0,0,0,0,0,0,0,4,1,2,0,0,1,1,0,0,0,0,0,0,1,0,0,0,0,0,0,0,1,2,0,1,0,9,5,4,0,0,0,0,0,0,0,0,0,0,1
,Logan,,46,14,20,12,14,3,10,1,0,0,0,0,0,0,0,0,0,0,0,0,0,0,0,0,0,0,0,4,0,0,4,3,1,0,0,0,0,0,11,0,0,0,1,0,2,3,5,0,0,1,0,12,7,5,0,0,0,0,0,0,0,0,0,0,0
,Lyon,,350,67,153,130,63,14,42,7,0,0,0,0,0,0,0,0,4,4,0,0,0,0,0,6,0,10,4,44,0,1,23,19,3,1,0,0,0,0,53,0,1,0,4,1,21,3,23,5,0,7,0,126,74,52,0,0,0,0,0,0,0,0,0,0,4
,Marion,,169,35,91,43,29,3,22,4,0,0,0,0,0,0,0,4,2,0,1,0,1,0,0,0,0,18,1,32,1,0,3,2,1,0,0,0,0,0,24,0,0,0,1,0,7,5,11,8,0,4,0,41,20,21,0,0,0,0,0,0,0,0,0,0,2
,Marshall,,124,16,60,48,15,4,6,5,0,0,0,0,0,0,0,1,0,0,0,0,0,0,0,2,0,2,0,17,0,0,16,13,3,0,0,0,0,0,17,0,0,0,1,0,2,5,9,2,0,4,0,47,24,23,0,0,0,0,0,0,0,0,0,0,1
,Mitchell,,89,11,28,50,9,3,3,3,0,0,0,0,0,0,0,1,1,1,0,0,0,0,0,0,0,11,1,5,0,0,2,2,0,0,0,0,0,0,8,0,0,1,0,0,2,3,2,1,0,0,0,47,22,25,0,0,0,0,0,0,0,0,0,0,3
,Montgomery,,321,67,199,55,64,14,36,14,0,0,0,0,0,0,0,0,3,2,0,0,1,0,0,0,0,48,2,65,0,0,10,9,1,0,0,0,0,0,61,0,0,0,13,1,9,1,37,10,1,2,0,49,24,25,0,0,0,0,0,0,0,0,0,0,6
,Morris,,95,31,38,26,29,13,13,3,0,0,0,0,0,0,0,1,1,1,0,0,0,0,0,0,0,1,1,10,0,0,2,2,0,0,0,0,0,0,16,0,0,0,2,0,3,2,9,2,0,6,0,23,14,9,0,0,0,0,0,0,0,0,0,0,3
,Morton,,41,6,20,15,6,3,3,0,0,0,0,0,0,0,0,0,0,0,0,0,0,0,0,0,0,6,1,9,0,0,0,0,0,0,0,0,0,0,3,0,0,0,0,0,1,0,2,0,0,1,0,15,8,7,0,0,0,0,0,0,0,0,0,0,0
,Nemaha,,56,17,32,7,17,4,11,2,0,0,0,0,0,0,0,0,0,0,0,0,0,0,0,1,0,4,1,13,0,0,2,2,0,0,0,0,0,0,10,0,0,0,0,0,2,3,5,1,0,0,0,5,4,1,0,0,0,0,0,0,0,0,0,0,2
,Neosho,,323,84,178,61,79,10,41,28,0,0,0,0,0,0,0,2,3,1,1,0,1,0,0,2,0,39,3,43,0,1,16,13,3,0,0,0,0,0,44,0,0,0,2,0,19,2,21,17,0,13,0,53,36,17,0,0,0,0,0,4,0,0,0,0,4
,Norton,,37,13,13,11,10,4,6,0,0,0,0,0,0,0,0,2,1,1,0,0,0,0,0,0,0,4,0,3,0,0,0,0,0,0,0,0,0,0,6,0,0,0,0,0,0,0,6,0,0,0,0,9,4,5,0,0,0,0,0,0,0,0,0,0,2
,Ottawa,,81,14,65,2,14,1,13,0,0,0,0,0,0,0,0,0,0,0,0,0,0,0,0,0,0,17,0,21,0,0,2,0,2,0,0,0,0,0,24,0,0,0,5,1,1,5,12,1,0,0,0,1,1,0,0,0,0,0,0,0,0,0,0,0,1
,Pawnee,,107,10,14,83,8,3,3,2,0,0,0,0,0,0,0,1,1,0,0,0,1,0,0,1,0,5,1,3,0,0,0,0,0,0,0,0,0,0,1,0,0,0,0,0,0,0,1,1,1,1,0,74,38,36,0,0,0,0,0,1,0,0,0,0,8
,Pratt,,54,19,21,14,18,5,13,0,0,0,0,0,0,0,0,0,1,0,0,0,1,0,0,0,0,4,0,8,0,0,1,1,0,0,0,0,0,0,6,0,1,0,1,0,1,1,2,1,0,1,0,13,8,5,0,0,0,0,0,0,0,0,0,0,1
,Republic,,120,33,68,19,32,9,11,12,0,0,0,0,0,0,0,1,0,0,0,0,0,0,0,0,0,7,1,30,0,0,6,5,1,0,0,0,0,0,19,0,0,0,4,0,5,0,10,3,2,0,0,18,11,7,0,0,0,0,0,0,0,0,0,0,1
,Rice,,107,17,58,32,14,2,12,0,0,0,0,0,0,0,0,1,2,2,0,0,0,0,0,0,0,10,1,13,0,0,1,1,0,0,0,0,0,0,19,0,0,0,5,0,6,1,7,12,0,2,0,30,19,11,0,0,0,0,0,0,0,0,0,0,2
,Rooks,,102,36,50,16,25,8,16,1,0,0,0,0,0,0,0,2,9,3,0,0,6,0,0,0,0,5,1,8,0,0,4,2,2,0,0,0,0,0,27,0,0,0,3,0,5,1,18,5,0,0,0,13,6,7,0,0,0,0,0,1,0,0,0,0,2
,Rush,,120,28,63,29,27,9,12,6,0,0,0,0,0,0,0,0,1,1,0,0,0,0,0,1,0,10,0,15,0,0,3,2,1,0,0,0,0,0,27,0,0,2,7,0,6,1,11,4,0,3,0,29,14,15,0,0,0,0,0,0,0,0,0,0,0
,Russell,,104,40,50,14,38,11,21,6,0,0,0,0,0,0,0,0,2,1,1,0,0,0,0,0,0,5,0,22,1,0,3,1,2,0,0,0,0,0,11,0,0,0,1,0,2,2,6,5,0,3,0,10,6,4,0,0,0,0,0,1,0,0,0,0,3
,Saline,,831,168,329,334,158,30,101,27,1,1,0,0,0,0,0,5,4,1,0,0,3,0,0,3,0,27,5,103,0,1,43,13,30,0,0,0,0,0,114,0,0,0,2,0,27,2,83,14,3,16,0,316,159,157,0,0,0,0,0,1,0,0,0,0,17
,Seward,,66,15,21,30,12,7,5,0,0,0,0,0,0,0,0,0,3,2,0,0,1,0,0,1,0,1,1,6,0,0,0,0,0,0,0,0,0,0,10,0,0,0,1,0,2,2,5,0,0,2,0,28,14,14,0,0,0,0,0,0,0,0,0,0,2
,Sheridan,,23,7,10,6,6,0,6,0,0,0,0,0,0,0,0,0,1,1,0,0,0,0,0,0,0,2,0,3,0,0,1,1,0,0,0,0,0,0,4,0,0,0,1,0,1,0,2,0,0,0,0,6,4,2,0,0,0,0,0,0,0,0,0,0,0
,Thomas,,132,33,65,34,30,1,22,7,0,0,0,0,0,0,0,2,1,0,0,0,1,0,0,0,0,10,1,29,0,0,6,6,0,0,0,0,0,0,14,0,0,0,3,0,2,0,9,4,0,1,0,31,16,15,0,0,0,0,0,0,0,0,0,0,3
,Trego,,105,7,14,84,6,3,3,0,0,0,0,0,0,0,0,0,1,0,0,0,1,0,0,0,0,2,0,5,0,0,1,0,0,1,0,0,0,0,4,0,0,0,0,0,1,0,3,1,1,0,0,78,38,40,0,0,0,0,0,0,1,0,1,0,5
,Washington,,126,24,38,64,19,4,13,2,2,1,1,0,0,0,0,1,2,2,0,0,0,0,0,1,0,4,3,11,0,0,6,5,1,0,0,0,0,0,10,0,0,0,0,0,1,0,9,2,0,1,0,54,27,27,0,0,0,0,0,0,0,0,0,0,10
,Woodson,,93,12,69,12,11,2,3,6,0,0,0,0,0,0,0,1,0,0,0,0,0,0,0,1,0,11,0,26,0,0,2,2,0,0,0,0,0,0,25,0,0,0,0,0,18,0,7,2,0,2,0,8,4,4,0,0,0,0,0,0,0,0,0,0,4
Tribal,Kickapoo Tribal,,0,0,0,0,0,0,0,0,0,0,0,0,0,0,0,0,0,0,0,0,0,0,0,0,0,0,0,0,0,0,0,0,0,0,0,0,0,0,0,0,0,0,0,0,0,0,0,0,0,0,0,0,0,0,0,0,0,0,0,0,0,0,0,0,0
,Potawatomi Tribal,,285,52,77,156,44,4,36,4,1,1,0,0,0,0,0,2,5,2,2,0,1,0,0,1,1,10,4,12,1,0,10,8,2,0,0,0,0,0,28,0,0,0,13,0,1,2,12,4,0,6,0,151,100,51,1,1,0,0,0,0,0,0,0,0,4
,Sac and Fox Tribal,,24,6,17,1,6,0,0,6,0,0,0,0,0,0,0,0,0,0,0,0,0,0,0,0,0,0,0,0,0,0,0,0,0,0,0,0,0,0,16,0,1,1,0,0,1,0,13,1,0,0,0,1,1,0,0,0,0,0,0,0,0,0,0,0,0
Other,Johnson County Park,,174,8,112,54,6,1,3,2,0,0,0,0,0,0,0,0,2,1,0,0,1,0,0,0,0,3,0,71,0,0,1,0,1,0,0,0,0,0,36,0,0,0,0,0,31,0,5,0,0,1,0,50,29,21,0,0,0,0,0,0,0,0,0,0,4
,Kansas Bureau of Investigation,,72,19,12,41,14,12,2,0,3,2,1,0,0,0,0,0,2,1,0,0,1,0,0,0,0,1,3,3,0,0,4,3,1,0,0,0,0,0,1,0,0,0,0,0,0,0,1,0,0,0,0,36,29,7,0,0,0,0,0,2,0,0,0,0,3
,Kansas Department of Wildlife and Parks,,114,40,29,45,40,23,12,5,0,0,0,0,0,0,0,0,0,0,0,0,0,0,0,0,0,0,0,8,0,0,0,0,0,0,0,0,0,0,19,0,0,0,1,0,9,2,7,0,0,2,0,37,23,14,0,0,0,0,0,0,0,0,0,0,8
,"Unified School District, Kansas City",,443,258,118,67,224,6,185,33,0,0,0,0,0,0,0,1,33,1,2,0,19,0,11,1,0,2,0,51,0,0,4,4,0,0,0,0,0,0,57,1,0,0,12,0,18,4,22,0,1,2,0,39,31,8,0,0,0,0,0,13,0,0,0,0,15
"1Population figures are published only for the cities. The figures listed for the universities and colleges are student enrollment and were provided by the United States Department of Education for the 2020 school year, the most recent available. The enrollment figures include full-time and part-time students.",,,,,,,,,,,,,,,,,,,,,,,,,,,,,,,,,,,,,,,,,,,,,,,,,,,,,,,,,,,,,,,,,,,
2Student enrollment figures were not available.,,,,,,,,,,,,,,,,,,,,,,,,,,,,,,,,,,,,,,,,,,,,,,,,,,,,,,,,,,,,,,,,,,,
